Workbook

Sheet Tabela E-S
A1: Tabela de E/S
A3: Elemento | B3: Pino | C3: Direção | D3: Natureza | E3: Função
A4: Pushbutton | B4: D2 | C4: Entrada | D4: Digital | E4: Comando do LED
A5: Potenciômetro | B5: A0 | C5: Entrada | D5: Analógica | E5: Variável
A6: DHT22 | B6: D4 | C6: Entrada | D6: Digital | E6: Detectar falha
A7: LED | B7: D8 | C7: Saída | D7: Digital | E7: Sinalização
A8: Percentual | B8: Software | C8: Interno | D8: Numérico | E8: 100 * bruto / 1023

Sheet Casos de teste
A1: Casos de teste
A3: Caso | B3: Botão | C3: Bruto | D3: % esperado | E3: Estado esperado
A4: 1 | B4: Liberado | C4: 0 | D4: 0% | E4: NORMAL
A5: 2 | B5: Pressionado | C5: 0 | D5: 0% | E5: NORMAL
A6: 3 | B6: Liberado | C6: 512 | D6: ~50% | E6: NORMAL
A7: 4 | B7: Liberado | C7: 716 | D7: ~70% | E7: ATENCAO
A8: 5 | B8: Liberado | C8: 869 | D8: ~85% | E8: PERIGO
A9: 6 | B9: Liberado | C9: 1023 | D9: 100% | E9: PERIGO
A10: 7 | B10: Pressionado | C10: 1023 | D10: 100% | E10: PERIGO
A11: 8 | B11: Qualquer | C11: DHT falha | D11: - | E11: FALHA

Sheet Amostras
A1: Planilha de amostras
A2: Fórmulas: % = 100*bruto/1023 | temp = % | corrente = 4+16*%/100 | tensão = 10*%/100
A4: Amostra | B4: Bruto | C4: Percentual (%) | D4: Temp (°C) | E4: Corrente (mA) | F4: Tensão (V) | G4: Estado
A5: 1 | B5: 0 | C5: =100*B5/1023 -> 0 | D5: =C5 -> 0 | E5: =4+16*C5/100 -> 4 | F5: =10*C5/100 -> 0 | G5: =IF(OR(B5<0,B5>1023),"FALHA",IF(C5>=85,"PERIGO",IF(C5>=70,"ATENCAO","NORMAL"))) -> NORMAL
A6: 2 | B6: 100 | C6: =100*B6/1023 -> 9.7751711 | D6: =C6 -> 9.7751711 | E6: =4+16*C6/100 -> 5.5640274 | F6: =10*C6/100 -> 0.97751711 | G6: =IF(OR(B6<0,B6>1023),"FALHA",IF(C6>=85,"PERIGO",IF(C6>=70,"ATENCAO","NORMAL"))) -> NORMAL
A7: 3 | B7: 256 | C7: =100*B7/1023 -> 25.024438 | D7: =C7 -> 25.024438 | E7: =4+16*C7/100 -> 8.0039101 | F7: =10*C7/100 -> 2.5024438 | G7: =IF(OR(B7<0,B7>1023),"FALHA",IF(C7>=85,"PERIGO",IF(C7>=70,"ATENCAO","NORMAL"))) -> NORMAL
A8: 4 | B8: 400 | C8: =100*B8/1023 -> 39.100684 | D8: =C8 -> 39.100684 | E8: =4+16*C8/100 -> 10.256109 | F8: =10*C8/100 -> 3.9100684 | G8: =IF(OR(B8<0,B8>1023),"FALHA",IF(C8>=85,"PERIGO",IF(C8>=70,"ATENCAO","NORMAL"))) -> NORMAL
A9: 5 | B9: 512 | C9: =100*B9/1023 -> 50.048876 | D9: =C9 -> 50.048876 | E9: =4+16*C9/100 -> 12.00782 | F9: =10*C9/100 -> 5.0048876 | G9: =IF(OR(B9<0,B9>1023),"FALHA",IF(C9>=85,"PERIGO",IF(C9>=70,"ATENCAO","NORMAL"))) -> NORMAL
A10: 6 | B10: 716 | C10: =100*B10/1023 -> 69.990225 | D10: =C10 -> 69.990225 | E10: =4+16*C10/100 -> 15.198436 | F10: =10*C10/100 -> 6.9990225 | G10: =IF(OR(B10<0,B10>1023),"FALHA",IF(C10>=85,"PERIGO",IF(C10>=70,"ATENCAO","NORMAL"))) -> NORMAL
A11: 7 | B11: 780 | C11: =100*B11/1023 -> 76.246334 | D11: =C11 -> 76.246334 | E11: =4+16*C11/100 -> 16.199413 | F11: =10*C11/100 -> 7.6246334 | G11: =IF(OR(B11<0,B11>1023),"FALHA",IF(C11>=85,"PERIGO",IF(C11>=70,"ATENCAO","NORMAL"))) -> ATENCAO
A12: 8 | B12: 869 | C12: =100*B12/1023 -> 84.946237 | D12: =C12 -> 84.946237 | E12: =4+16*C12/100 -> 17.591398 | F12: =10*C12/100 -> 8.4946237 | G12: =IF(OR(B12<0,B12>1023),"FALHA",IF(C12>=85,"PERIGO",IF(C12>=70,"ATENCAO","NORMAL"))) -> ATENCAO
A13: 9 | B13: 950 | C13: =100*B13/1023 -> 92.864125 | D13: =C13 -> 92.864125 | E13: =4+16*C13/100 -> 18.85826 | F13: =10*C13/100 -> 9.2864125 | G13: =IF(OR(B13<0,B13>1023),"FALHA",IF(C13>=85,"PERIGO",IF(C13>=70,"ATENCAO","NORMAL"))) -> PERIGO
A14: 10 | B14: 1023 | C14: =100*B14/1023 -> 100 | D14: =C14 -> 100 | E14: =4+16*C14/100 -> 20 | F14: =10*C14/100 -> 10 | G14: =IF(OR(B14<0,B14>1023),"FALHA",IF(C14>=85,"PERIGO",IF(C14>=70,"ATENCAO","NORMAL"))) -> PERIGO

Sheet Grafico
A1: Gráfico de tendência
A3: Amostra | B3: Percentual (%) | C3: Temp (°C)
A4: 1 | B4: =Amostras!C5 -> 0 | C4: =Amostras!D5 -> 0
A5: 2 | B5: =Amostras!C6 -> 9.7751711 | C5: =Amostras!D6 -> 9.7751711
A6: 3 | B6: =Amostras!C7 -> 25.024438 | C6: =Amostras!D7 -> 25.024438
A7: 4 | B7: =Amostras!C8 -> 39.100684 | C7: =Amostras!D8 -> 39.100684
A8: 5 | B8: =Amostras!C9 -> 50.048876 | C8: =Amostras!D9 -> 50.048876
A9: 6 | B9: =Amostras!C10 -> 69.990225 | C9: =Amostras!D10 -> 69.990225
A10: 7 | B10: =Amostras!C11 -> 76.246334 | C10: =Amostras!D11 -> 76.246334
A11: 8 | B11: =Amostras!C12 -> 84.946237 | C11: =Amostras!D12 -> 84.946237
A12: 9 | B12: =Amostras!C13 -> 92.864125 | C12: =Amostras!D13 -> 92.864125
A13: 10 | B13: =Amostras!C14 -> 100 | C13: =Amostras!D14 -> 100
